{
  "Lang": "Spanish",
  "SelectServer": "Seleciona un servidor",
  "Preferably": "Preferiblemente escoge la ubicacion mas cercana a tu ubicación.",
  "Europe": "Europa",
  "Online": "En linea",
  "Welcome": "Bienvenido, %username%!",
  "Accountid": "ID de cuenta : %accountid%",
  "ping": "Ping : %ping%ms",
  "PleaseRunGD": "Por favor abre Geometry Dsah primero.",
  "DLLInjecting": "Multiplayer.dll todavia se esta injectando, intentalo mas tarde.",
  "Left": "%username% dejo el juego.",
  "Joined": "%username% se unio!",
  "Disconnected": "El server te desconectó.",
  "Connected": "Conectado!",
  "NotRegistered": "No estas registrado en Geometry Dash.",
  "PleaseLogin": "Inicia sesión para jugar Geometry Dash jugar multijugador, necesitas ayuda?",
  "IconsLoaded": "Tus iconos han sido descargados.",
  "DownloadingIcons": "Descargando tus iconos...",
  "Lobbies": "Salas",
  "Cache": "Cache",
  "Customize": "Personalizar",
  "Settings": "Ajustes",
  "VIPAccountFeatures": "Caracteristicas de ser VIP",
  "Feature1": "Iconos .gif animados y personalizados!",
  "Feature1Description": "Cambiar el color de tu nombre e iconos personalizados!",
  "Feature2": "Crear salas privadas.",
  "Feature2Description": "Si.",
  "Feature3": "Rol VIP.",
  "Feature3Description": "Rol VIP en nuestro servidor de Discord!",
  "WindowName": "Nombre de la ventana",
  "FileName": "Nombre del archivo",
  "VIPKey": "VIPKey",
  "RenderSelfIcons": "Renderizando icono personalizado",
  "RenderUsernames": "Renderizando nombre de usuario",
  "PlayersOpacity": "Opacidad de los jugadores",
  "PerformanceMode": "Modo de rendimiento",
  "ReinjectDLL": "Reinyectar DLL",
  "ChangeLang": "Cambiar idioma",
  "ClearData": "Borrar Datos",
  "Apply": "Aplicar",
  "CreateJoinALobby": "Crear / unirse a una sala",
  "EnterALobbyCode": "Ingrese el codigo de la sala (vacio para el publico):",
  "CreateNewLobby": "← Crear Nueva Sala",
  "JoinLobby": "únete a la sala",
  "CacheHelpsPrevent": "El caché ayuda a prevenir el retraso.",
  "Icons": "Iconos",
  "Levels": "Niveles",
  "Usernames": "Nombres de ususario",
  "ClearCache": "Limpiar caché",
  "About": "Sobre",
  "YouNeedVIP": "Necesitas VIP",
  "NeedToCustomize": "Necesitas personalizar tu perfil o usar un icono personalizado?",
  "NeedToCreateLobby": "Necesitas crear salas privadas con tus amigos?",
  "BuyVIP": "Compra VIP",
  "FetchingUsername": "Obteniendo tu nombre de usuario..."
}