{
    "Author": "@CodeBoi00",
    "Lang": "Finnish",
    "SelectServer": "Valitse Palvelin",
    "Preferably": "Valitse mielellään lähin palvelin",
    "Europe": "Eurooppa",
    "Online": "Verkossa",
    "Welcome": "Tervetuloa takaisin, %username%!",
    "Accountid": "Tilin ID : %accountid%",
    "ping": "Signaali : %ping%ms",
    "PleaseRunGD": "Avaa Geometry Dash ensin.",
    "DLLInjecting": "Multiplayer.dll injektoi vielläkin, Yritä uudelleen..",
    "Left": "%username% Poistui pelistä.",
    "Joined": "%username% Liittyi peliin!",
    "Disconnected": "Palvelin poisti sinut..",
    "Connected": "Yhdistetty!",
    "NotRegistered": "Sinä et oli rekisteröitynyt peliin Geometry Dash.",
    "PleaseLogin": "Kirjaudu sisään pelissä Geometry dash että voit pelata Moninpeliä, Tarvitsetko apua?",
    "IconsLoaded": "Sinun kuvakkeet on ladattu.",
    "DownloadingIcons": "Ladataan sinun kuvakkeita...",
    "Lobbies": "Aulat",
    "Cache": "Välimuisti",
    "Customize": "Mukauta",
    "Settings": "Asetukset",
    "VIPAccountFeatures": "VIP Tilin ominaisuudet",
    "Feature1": "Mukautettu Animoitu .gif kuvake!",
    "Feature1Description": "Vaihda nimen väriä ja mukautettuja kuvakkeita!",
    "Feature2": "Tee yksityisiä auloja.",
    "Feature2Description": "Kyllä.",
    "Feature3": "VIP Rooli.",
    "Feature3Description": "VIP Rooli meidän Discord palvelimella!",
    "WindowName": "Ikkunan Nimi",
    "FileName": "Tiedoston Nimi",
    "VIPKey": "VIP-Avain",
    "RenderSelfIcons": "Renderöi Mukautettu Kuvake",
    "RenderUsernames": "Renderöi Nimet",
    "PlayersOpacity": "Pelaajien läpikuultavuus",
    "PerformanceMode": "Teho moodi",
    "ReinjectDLL": "Uudelleeninjektoi DLL",
    "ChangeLang": "Vaihda Kieltä",
    "ClearData": "Nollaa Tiedot",
    "Apply": "Käytä",
    "CreateJoinALobby": "Tee / Liity aulaan",
    "EnterALobbyCode": "Merkitse aula koodi (tyhjä jos liityt julkiseen aulaan):",
    "CreateNewLobby": "← Tee Uusi Aula",
    "JoinLobby": "Liity Aulaan",
    "CacheHelpsPrevent": "Välimuisti auttaa estämään viiveen.",
    "Icons": "Kuvakkeet",
    "Levels": "Tasot",
    "Usernames": "Nimet",
    "ClearCache": "Nollaa Välimuisti",
    "About": "Tiedot",
    "YouNeedVIP": "Tarvitset VIP",
    "NeedToCustomize": "Tarvitseeko sinun kustomoida profiilia vai käyttää mukautettua kuvaketta?",
    "NeedToCreateLobby": "Pitääkö sinun tehdä yksityisiä auloja kavereiden kanssa?",
    "BuyVIP": "Osta VIP",
    "FetchingUsername": "Noudetaan nimeä.."
  }