{
  "Lang": "Russian",
  "SelectServer": "Выберите сервер",
  "Preferably": "Выбирайте сервер, находящийся ближе к Вам.",
  "Europe": "Европа",
  "Online": "В сети",
  "Welcome": "Добро пожаловать, %username%!",
  "Accountid": "ID Аккаунта : %accountid%",
  "ping": "Пинг : %ping%",
  "PleaseRunGD": "Сначала запустите Geometry Dash.",
  "DLLInjecting": "Multiplayer.dll до сих пор интегрируется, попробуйте позднее.",
  "Left": "%username% вышел.",
  "Joined": "%username% присоединился!",
  "Disconnected": "Сервер отключил Вас.",
  "Connected": "Подключено!",
  "NotRegistered": "Вы не зарегистрированы в Geometry Dash.",
  "PleaseLogin": "Пожалуйста, войдите в аккаунт в Geometry Dash для игры по сети, нужна помощь?",
  "IconsLoaded": "Ваши иконки были загружены.",
  "DownloadingIcons": "Загрузка Ваших иконок...",
  "Lobbies": "Лобби",
  "Cache": "Кэш",
  "Customize": "Персонализация",
  "Settings": "Настройки",
  "VIPAccountFeatures": "Возможности VIP",
  "Feature1": "Собственные анимированные .gif иконки!",
  "Feature1Description": "Возможность изменения цвета ника и добавления своих иконок!",
  "Feature2": "Создание приватных лобби.",
  "Feature2Description": "Да.",
  "Feature3": "Роль VIP.",
  "Feature3Description": "Роль VIP в нашем Дискорд сервере!",
  "WindowName": "Название окна",
  "FileName": "Название файла",
  "VIPKey": "VIP-Ключ",
  "RenderSelfIcons": "Отображать пользовательские иконки",
  "RenderUsernames": "Отображать ники",
  "PlayersOpacity": "Прозрачность игроков",
  "PerformanceMode": "Режим Производительности",
  "ReinjectDLL": "Реинтегрировать DLL",
  "ChangeLang": "Изменить язык",
  "ClearData": "Очистить дату",
  "Apply": "Применить",
  "CreateJoinALobby": "Создать / Присоединится к лобби",
  "EnterALobbyCode": "Код лобби (оставить пустым для присоединения к публичному):",
  "CreateNewLobby": "← Создать новое лобби",
  "JoinLobby": "Присоединится к лобби",
  "CacheHelpsPrevent": "Кэш помогает убрать лаги.",
  "Icons": "Иконки",
  "Levels": "Уровни",
  "Usernames": "Никнеймы",
  "ClearCache": "Очистить кэш",
  "About": "О нас",
  "YouNeedVIP": "Вам нужен VIP",
  "NeedToCustomize": "Хочешь кастомизировать свой профиль и использовать собственные иконки?",
  "NeedToCreateLobby": "Хочешь создать приватное лобби для игры с друзьями?",
  "BuyVIP": "Купить VIP",
  "FetchingUsername": "Получаем Ваш никнейм..."
}