{
  "Lang": "English",
  "SelectServer": "Select a Server",
  "Preferably": "Preferably pick the nearest to your location.",
  "Europe": "North America",
  "Online": "Online",
  "Welcome": "Welcome back, %username%!",
  "Accountid": "Account ID : %accountid%",
  "ping": "Ping : %ping%ms",
  "PleaseRunGD": "Please run Geometry Dash first.",
  "DLLInjecting": "Multiplayer.dll is still injecting, please try again.",
  "Left": "%username% left the game.",
  "Joined": "%username% joined!",
  "Disconnected": "Server disconnected you.",
  "Connected": "Connected!",
  "NotRegistered": "You're not registered on Geometry Dash.",
  "PleaseLogin": "Please login an account on Geometry Dash to play Multiplayer, need help?",
  "IconsLoaded": "Your icons have been downloaded.",
  "DownloadingIcons": "Downloading your icons...",
  "Lobbies": "Lobbies",
  "Cache": "Cache",
  "Customize": "Customize",
  "Settings": "Settings",
  "VIPAccountFeatures": "VIP Account Features",
  "Feature1": "Custom Animated .gif icons!",
  "Feature1Description": "Change username color and custom icons!",
  "Feature2": "Create private lobbies.",
  "Feature2Description": "Yes.",
  "Feature3": "VIP Role.",
  "Feature3Description": "VIP role in our Discord server!",
  "WindowName": "Window Name",
  "FileName": "File Name",
  "VIPKey": "VIPKey",
  "RenderSelfIcons": "Render Custom Icon",
  "RenderUsernames": "Render Usernames",
  "PlayersOpacity": "Players Opacity",
  "PerformanceMode": "Performance Mode",
  "ReinjectDLL": "Reinject DLL",
  "ChangeLang": "Change Language",
  "ClearData": "Clear Data",
  "Apply": "Apply",
  "CreateJoinALobby": "Create / Join a lobby",
  "EnterALobbyCode": "Enter the lobby code (empty for public):",
  "CreateNewLobby": "← Create New Lobby",
  "JoinLobby": "Join Lobby",
  "CacheHelpsPrevent": "Cache helps prevent lag.",
  "Icons": "Icons",
  "Levels": "Levels",
  "Usernames": "Usernames",
  "ClearCache": "Clear Cache",
  "About": "About",
  "YouNeedVIP": "You need VIP",
  "NeedToCustomize": "Need to customize profile or use a custom icon?",
  "NeedToCreateLobby": "Need to create private lobbies with your friends?",
  "BuyVIP": "Buy VIP",
  "FetchingUsername": "Getting your username..."
}