{
  "Lang": "Italian",
  "SelectServer": "Seleziona un server",
  "Preferably": "Preferibilmente scegli quello più vicino alla tua posizione.",
  "Europe": "Europa",
  "Online": "Online",
  "Welcome": "Bentornato, %username%!",
  "Accountid": "ID dell'account : %accountid%",
  "ping": "Ping : %ping%ms",
  "PleaseRunGD": "Si prega di eseguire prima Geometry Dash.",
  "DLLInjecting": "Multiplayer.dll si sta ancora injectando, si prega di riprovare di nuovo.",
  "Left": "%username% ha abbandonato la partita.",
  "Joined": "%username% è entrato!",
  "Disconnected": "Il server ti ha disconnesso.",
  "Connected": "Connesso!",
  "NotRegistered": "Non sei registrato in Geometry Dash.",
  "PleaseLogin": "Si prega di accedere a Geometry Dash per giocare il multiplayer, hai bisogno di aiuto?",
  "IconsLoaded": "Le tue icone sono state scaricate.",
  "DownloadingIcons": "Scaricando le tue icone...",
  "Lobbies": "Lobbies",
  "Cache": "Cache",
  "Customize": "Personalizza",
  "Settings": "Impostazioni",
  "VIPAccountFeatures": "Vantaggi di un account VIP",
  "Feature1": "Icone .gif personalizzate e animate",
  "Feature1Description": "Cambia il colore del nome utente e icone personalizzate!",
  "Feature2": "Crea lobby private",
  "Feature2Description": "Si.",
  "Feature3": "Ruolo VIP",
  "Feature3Description": "Avrai il ruolo VIP nel nostro server Discord!",
  "WindowName": "Nome della finestra",
  "FileName": "Nome del file",
  "VIPKey": "Chiave VIP",
  "RenderSelfIcons": "Renderizza icone personalizzate",
  "RenderUsernames": "Renderizza nomi utente",
  "PlayersOpacity": "Opacità giocatori",
  "PerformanceMode": "Modalità prestazioni",
  "ReinjectDLL": "Re-injecta il DLL",
  "ChangeLang": "Cambia lingua",
  "ClearData": "Cancella dati",
  "Apply": "Applica",
  "CreateJoinALobby": "Crea / entra in una lobby",
  "EnterALobbyCode": "Scrivi il codice lobby (vuoto per pubblico):",
  "CreateNewLobby": "← Crea una nuova lobby",
  "JoinLobby": "Entra nella lobby",
  "CacheHelpsPrevent": "La cache aiuta a impedire il lag.",
  "Icons": "Icone",
  "Levels": "Livelli",
  "Usernames": "Nomi utente",
  "ClearCache": "Cancella cache",
  "About": "Al riguardo",
  "YouNeedVIP": "Serve il VIP",
  "NeedToCustomize": "Vuoi personalizzare il tuo profilo o usare icone personalizzate?",
  "NeedToCreateLobby": "Hai bisogno di creare lobby private con i tuoi amici?",
  "BuyVIP": "Compra il VIP",
  "FetchingUsername": "Ottenendo il tuo nome utente..."
}