{
  "Translator" : "@Dycool",
  "Lang": "Português",
  "SelectServer": "Selecione um servidor",
  "Preferably": "É recomendo escolher o servidor mais perto de si.",
  "Europe": "Europa",
  "Online": "On-line",
  "Welcome": "Bem-vindo, %username%!",
  "Accountid": "ID da conta : %accountid%",
  "ping": "Latência : %ping%ms",
  "PleaseRunGD": "Por favor inicie Geometry Dash primeiro.",
  "DLLInjecting": "Multiplayer.dll ainda está injetando, por favor tente de novo.",
  "Left": "%username% saiu do jogo.",
  "Joined": "%username% entrou!",
  "Disconnected": "O servidor disconectou-o.",
  "Connected": "Conectado!",
  "NotRegistered": "Não está registrado no Geometry Dash.",
  "PleaseLogin": "Por favor faça login com uma conta no Geometry Dash para jogar em multijogador. Precisa de ajuda?",
  "IconsLoaded": "Os seus ícones foram transferidos.",
  "DownloadingIcons": "Transferindo os seus ícones...",
  "Lobbies": "Salas",
  "Cache": "Cache",
  "Customize": "Customizar",
  "Settings": "Definições",
  "VIPAccountFeatures": "Recursos de uma conta VIP",
  "Feature1": "Ícones gif costumizados!",
  "Feature1Description": "Muda os teus ícones e a cor do teu nome.",
  "Feature2": "Cria salas privadas",
  "Feature2Description": "Sim.",
  "Feature3": "Cargo VIP",
  "Feature3Description": "Cargo VIP no nosso servidor do discord!",
  "WindowName": "Nome da janela",
  "FileName": "Nome do ficheiro",
  "VIPKey": "Chave VIP",
  "RenderSelfIcons": "Mostrar ícones personalizados",
  "RenderUsernames": "Mostrar nomes dos jogadores",
  "PlayersOpacity": "Transparência dos jogadores",
  "PerformanceMode": "Modo de desempenho",
  "ReinjectDLL": "Reinjetar DLL",
  "ChangeLang": "Mudar idioma",
  "ClearData": "Limpar dados",
  "Apply": "Aplicar",
  "CreateJoinALobby": "Criar / Juntar a uma sala",
  "EnterALobbyCode": "Digite o código da sala (deixe vazio se for a sala pública)",
  "CreateNewLobby": "← Criar nova sala",
  "JoinLobby": "Juntar a uma sala",
  "CacheHelpsPrevent": "Cache ajuda a prevenir lag.",
  "Icons": "Ícones",
  "Levels": "Níveis",
  "Usernames": "Nomes dos jogadores",
  "ClearCache": "Limpar Cache",
  "About": "Sobre",
  "YouNeedVIP": "É preciso VIP para utilizar este recurso",
  "NeedToCustomize": "Queres personalizar o teu perfil ou usar um ícone costumizado?",
  "NeedToCreateLobby": "Queres criar salas privadas com os teus amigos?",
  "BuyVIP": "Comprar VIP",
  "FetchingUsername": "Obtendo o seu nome de jogador..."
}
